"Haltestellen_Id";"Haltestellennummer";"Haltestellenkurzname";"Haltestellenlangname"
724;2277;"SHDO";"Kilchberg ZH,Schulhaus Dorfstr"
377;3822;"BKIS";"Killwangen, Bahnhof"
767;1397;"KIND";"Kindhausen AG"
766;757;"EIHH";"Kindhausen AG, Eichholz"
347;6506;"BABH07";"Kloten Balsberg, Bahnhof"
685;54;"KALL";"Küsnacht ZH, Allmend"
749;1488;"BKUE";"Küsnacht ZH, Bahnhof"
688;462;"BEST";"Küsnacht ZH, Bergstrasse"
388;516;"BOGL";"Küsnacht ZH, Boglerenstrasse"
386;610;"BUEH";"Küsnacht ZH, Bühlstrasse"
752;933;"GART";"Küsnacht ZH, Gartenstrasse"
387;1011;"GOBA";"Küsnacht ZH, Goldbacherstrasse"
751;1106;"HABA";"Küsnacht ZH, Hallenbad"
686;1182;"HESL";"Küsnacht ZH, Hesligenstrasse"
687;1189;"HIST";"Küsnacht ZH, Himmelistrasse"
689;1769;"OBHE";"Küsnacht ZH, Obere Heslibachst"
753;1779;"OBFE";"Küsnacht ZH, Oberfeld"
624;1818;"OBWA";"Küsnacht ZH, Oberwacht"
690;2122;"RAEN";"Küsnacht ZH, Ränkestrasse"
750;2043;"RKIK";"Küsnacht ZH, Reform. Kirche"
390;2167;"SIHG";"Küsnacht ZH, Schiedhaldensteig"
389;2168;"SIHE";"Küsnacht ZH, Schiedhaldenstr."
391;2327;"SUEB";"Küsnacht ZH, Schübel"
625;3744;"ZENK";"Küsnacht ZH, Zentrum"
322;12504;"LWIE99";"Langwies ZH"
312;12506;"MAI99";"Maiacher"
575;3134;"MASC";"Maur, Aschbach"
476;678;"MDOR";"Maur, Dorf"
477;1403;"MKIR";"Maur, Kirche"
475;1892;"MPLA";"Maur, Platten"
478;2342;"MSEE";"Maur, See"
311;12508;"NFOR99";"Neue Forch"
319;12509;"NHA99";"Neuhaus bei Hinteregg"
444;748;"EGGB";"Oberengstringen, Eggbühl"
445;1516;"LANZ";"Oberengstringen, Lanzrain"
447;1862;"PAEN";"Oberengstringen, Paradies"
446;2984;"OBEE";"Oberengstringen, Zentrum"
614;7020;"OSCH";"Oetwil a.d.L., Schweizäcker"
615;1094;"OHAL";"Oetwil an der Limmat, Halde"
617;1759;"OBDO";"Oetwil an der Limmat, Oberdorf"
616;1964;"OPOS";"Oetwil an der Limmat, Post"
338;2286;"SCHU07";"Opfikon, Schulstrasse"
337;6808;"OSCH07";"Opfikon, Schwimmbad"
463;833;"FELH";"Pfaffhausen, Feldhof"
464;1873;"PMUE";"Pfaffhausen, Müseren"
461;1871;"PFAF";"Pfaffhausen, Pfaffenstein"
462;2622;"SAGG";"Pfaffhausen, Sängglen"
621;641;"CRUZ07";"Regensdorf, Chrüzächer"
622;2986;"ZREG07";"Regensdorf, Zentrum"
345;6507;"RBAU07";"Rümlang, Bäuler"
745;1799;"RGEM07";"Rümlang, Gemeindehaus"
744;6682;"RHOE07";"Rümlang, Hörnlistrasse"
743;1542;"RLET07";"Rümlang, Letten"
746;1763;"ORUE07";"Rümlang, Oberdorf"
410;3186;"RUEB";"Rüschlikon, Bahnhof"
413;443;"BELV";"Rüschlikon, Belvoir"
639;515;"BODE";"Rüschlikon, Bodengasse"
416;6448;"EGGR";"Rüschlikon, Eggrain"
412;1505;"LANH";"Rüschlikon, Langhaldenstrasse"
415;6447;"LRAI";"Rüschlikon, Loorain"
417;1657;"MOOS";"Rüschlikon, Moosstrasse"
418;6492;"RPAR";"Rüschlikon, Park im Grüene"
409;6009;"RREB";"Rüschlikon, Rebsteig"
414;3187;"RSAU";"Rüschlikon, Säumerstrasse"
638;410;"BSRU";"Rüschlikon, Schlossstrasse"
411;2852;"WEID";"Rüschlikon, Weidstrasse"
318;12166;"SCH99";"Scheuren"
566;2166;"SCHE";"Scheuren, Station"
647;6299;"SAMR";"Schlieren, Am Rietpark"
292;6347;"SCHB";"Schlieren, Bahnhof"
646;6234;"SCHN";"Schlieren, Bahnhof Nord"
515;550;"BRUG";"Schlieren, Brunngasse"
291;838;"FSTR";"Schlieren, Feldstrasse"
696;935;"GASO";"Schlieren, Gasometerbrücke"
771;7003;"SGEI";"Schlieren, Geissweid"
648;6298;"SGOL";"Schlieren, Goldschlägistrasse"
517;1151;"HEIM";"Schlieren, Heimeliweg"
644;1327;"IGAS";"Schlieren, Industrie Gaswerk"
294;1388;"KESS";"Schlieren, Kesslerstrasse"
649;7000;"SMEU";"Schlieren, Meuchwis"
695;1690;"MULL";"Schlieren, Mülligen"
516;1694;"NASS";"Schlieren, Nassacker"
366;2051;"REIT";"Schlieren, Reitmen"
645;2141;"RUST";"Schlieren, Rütistrasse"
295;2436;"SPLI";"Schlieren, Spital Limmattal"
365;3748;"STAK";"Schlieren, Steinacker"
290;2631;"TAWI";"Schlieren, Talacker-Windegg"
697;2798;"WAGO";"Schlieren, Wagonsfabrik"
698;2237;"SZEN";"Schlieren, Zentrum"
293;2236;"SCHL";"Schlieren, Zentrum/Bahnhof"
458;2307;"BSCH";"Schwerzenbach ZH, Bahnhof"
457;684;"DORS";"Schwerzenbach ZH, Dorf"
316;12438;"SZFB99";"Spital Zollikerberg"
373;6586;"CESP";"Spreitenb, Center Spreitenbach"
370;6663;"SPAL";"Spreitenbach, Altersheim"
367;3460;"ASPS";"Spreitenbach, Asp"
376;6300;"SBRE";"Spreitenbach, Breiti"
369;3520;"BRUL";"Spreitenbach, Brüel"
374;6301;"FURT";"Spreitenbach, Furttalstrasse"
660;6958;"SGLA";"Spreitenbach, Glattler"
372;6462;"IKEA";"Spreitenbach, Ikea"
375;6303;"SINT";"Spreitenbach, Interio"
368;7021;"SRAI";"Spreitenbach, Raiacker"
371;2384;"SCEN";"Spreitenbach, Shopping Center"
421;2412;"FELD01";"Thalwil, Feldstrasse"
423;1684;"MUBA01";"Thalwil, Mühlebachplatz"
425;3378;"PTHA01";"Thalwil, Post"
422;2333;"THSH01";"Thalwil, Schützenhaus"
419;4108;"SEHA01";"Thalwil, Seehaldenstrasse"
420;6856;"TSON01";"Thalwil, Sonnenberg"
424;2989;"TZEN01";"Thalwil, Zentrum"
400;687;"UITIDRF";"Uitikon, Dorf"
304;29;"AEGU";"Unterengstringen, Aegelsee"
288;743;"ECKS";"Unterengstringen, Eckstein"
448;1498;"LANA";"Unterengstringen, Langacher"
289;6724;"ULAN";"Unterengstringen, Langwisen"
287;6825;"USEN";"Unterengstringen, Sennenbüel"
303;2751;"USNO";"Unterengstringen, Sennenbüel N"
521;2767;"BWEI";"Urdorf Weihermatt, Bahnhof"
296;831;"FEGG";"Urdorf, Feldegg"
550;6297;"HEIN";"Urdorf, Heinrich-Stutz-Strasse"
363;1178;"HWEG";"Urdorf, Herweg"
364;1586;"LUBE";"Urdorf, Luberzen"
299;1725;"NEUT";"Urdorf, Neumatt"
519;1726;"NMAT";"Urdorf, Neumattstrasse"
298;1731;"NURD";"Urdorf, Niederurdorf"
302;3589;"OBUR";"Urdorf, Oberurdorf"
518;2024;"RAIW";"Urdorf, Rainweg"
297;2238;"SCHS";"Urdorf, Schlierenstrasse"
301;3590;"SONU";"Urdorf, Sonne"
300;2440;"SPIT";"Urdorf, Spitzacker"
520;2732;"UITI";"Urdorf, Uitikonerstrasse"
662;3740;"VHOF07";"Volketswil, Hofwisen"
661;632;"VCHL07";"Volketswil, Volkiland Chliriet"
317;12807;"WAB99";"Waldburg"
531;2807;"WABG";"Waldburg, Station"
396;3356;"WALDBIR";"Waldegg, Birmensdorferstrasse"
397;6907;"WALDLEU";"Waldegg, Leuen"
401;1991;"WALPOST";"Waldegg, Post"
329;2820;"BWAL07";"Wallisellen, Bahnhof"
351;439;"BELA07";"Wallisellen, Belair"
328;3241;"WFLO07";"Wallisellen, Florastrasse"
330;2983;"WGLA";"Wallisellen, Glatt (Bus)"
352;6735;"WGLA07";"Wallisellen, Glatt (Tram)"
350;1176;"HRTI07";"Wallisellen, Herti"
327;6659;"WNEU07";"Wallisellen, Neugut"
314;12826;"WAL99";"Waltikon"
720;1266;"WHAE";"Wangen, Hätzelwisen"
719;6364;"STIE";"Wangen, Stierwisen"
721;2850;"WELI";"Wangen, Weidli"
286;3183;"AEGW";"Weiningen ZH, Aegelsee"
285;125;"AUSW";"Weiningen ZH, Ausserdorf"
284;1571;"WLIN";"Weiningen ZH, Lindenplatz"
283;2268;"SWEI";"Weiningen ZH, Schulhaus"
249;3044;"BWST";"Zch, Bhf.Wollishofen/Staubstr."
532;6254;"LAEN";"Zollikerb., Langägerten/Spital"
315;13002;"ZOB99";"Zollikerberg"
651;3826;"HASE";"Zollikerberg, Hasenbart"
693;1792;"OBHU";"Zollikerberg, Oberhueb"
691;6470;"RESI";"Zollikerberg, Resirain"
692;2375;"SENN";"Zollikerberg, Sennhof"
650;3756;"SZOL";"Zollikerberg, Spital"
533;3002;"ZOBE";"Zollikerberg, Station"
652;3747;"TRIC";"Zollikerberg, Trichtenhauserm."
528;53;"ZALL";"Zollikon, Allmend"
627;3003;"BZOL";"Zollikon, Bahnhof"
381;418;"BUEB";"Zollikon, Bahnübergang"
384;476;"BEUG";"Zollikon, Beugi"
383;715;"DUFP";"Zollikon, Dufourplatz"
382;824;"FBST";"Zollikon, Felbenstrasse"
378;6044;"GAAZ";"Zollikon, Garage G.-Maurer-Str"
526;961;"GDEH";"Zollikon, Gemeindehaus"
385;1013;"GOHA";"Zollikon, Goldhaldenplatz"
527;1277;"HSTR";"Zollikon, Höhestrasse"
530;2040;"RWIE";"Zollikon, Rebwiesstrasse"
529;2341;"SUET";"Zollikon, Schützenstrasse"
626;2363;"SEES";"Zollikon, Seestrasse"
313;12543;"ZUMI99";"Zumikon"
747;705;"DOZE";"Zumikon, Dorfzentrum"
623;1075;"GOES";"Zumikon, Gössikon"
748;2826;"WALT";"Zumikon, Waltikon"
348;3027;"FLUG07";"Zürich Flughafen, Bahnhof"
349;6232;"FRAF07";"Zürich Flughafen, Fracht"
210;7;"AARG";"Zürich, Aargauerstrasse"
578;46;"ALBG";"Zürich, Albisgütli"
10;3797;"ARAN";"Zürich, Albisrank"
145;47;"ALBR";"Zürich, Albisrieden"
144;3705;"ALBD";"Zürich, Albisriederdörfli"
81;48;"ALBP";"Zürich, Albisriederplatz"
443;67;"ATRO";"Zürich, Alte Trotte"
663;70;"ALTE";"Zürich, Altenhofstrasse"
82;1446;"AKRE";"Zürich, Altes Krematorium"
590;3706;"AHOS";"Zürich, Althoos"
205;88;"ALTR";"Zürich, Altried"
755;3150;"AMBO";"Zürich, Am Börtli"
709;92;"AMSU";"Zürich, Am Suteracher"
754;3151;"APPE";"Zürich, Appenzellerstrasse"
502;6627;"ASPH";"Zürich, Aspholz"
489;114;"AUBR";"Zürich, Aubrücke"
40;128;"AUSS";"Zürich, Ausserdorfstrasse"
154;132;"ZAUZ";"Zürich, Auzelg"
633;134;"AUZO";"Zürich, Auzelg Ost"
308;137;"BACH";"Zürich, Bachmattstrasse"
99;1234;"BANL";"Zürich, Bäckeranlage"
157;144;"BADA";"Zürich, Bad Allenmoos"
500;3021;"BAFF";"Zürich, Bahnhof Affoltern"
16;3022;"BALT";"Zürich, Bahnhof Altstetten"
212;5001;"BALN";"Zürich, Bahnhof Altstetten N"
253;3026;"ENGE";"Zürich, Bahnhof Enge"
430;199;"BEDE";"Zürich, Bahnhof Enge/Bederstr."
60;3029;"HSBB";"Zürich, Bahnhof Hardbrücke"
599;2547;"BLEI";"Zürich, Bahnhof Leimbach"
155;3034;"BOER";"Zürich, Bahnhof Oerlikon"
127;6255;"BOEN";"Zürich, Bahnhof Oerlikon Nord"
51;3447;"BOEO";"Zürich, Bahnhof Oerlikon Ost"
577;2551;"BSEL";"Zürich, Bahnhof Selnau"
169;3039;"BSTA";"Zürich, Bahnhof Stadelhofen"
265;2575;"BSTE";"Zürich, Bahnhof Stettbach"
222;3041;"BTIE";"Zürich, Bahnhof Tiefenbrunnen"
183;3042;"BWIE";"Zürich, Bahnhof Wiedikon"
74;3043;"BWIP";"Zürich, Bahnhof Wipkingen"
479;7022;"BAWO";"Zürich, Bahnhof Wollishofen"
104;412;"BPLA";"Zürich, Bahnhofplatz/HB"
79;413;"BQUA";"Zürich, Bahnhofquai/HB"
163;416;"BSTR";"Zürich, Bahnhofstrasse/HB"
173;421;"BALG";"Zürich, Balgrist"
585;592;"BAEN";"Zürich, Bändliweg"
14;427;"BASL";"Zürich, Baslerstrasse"
162;435;"BECK";"Zürich, Beckenhof"
168;440;"BELL";"Zürich, Bellevue"
118;455;"BERH";"Zürich, Berghaldenstrasse"
537;459;"BDOL";"Zürich, Bergstation Dolderbahn"
341;465;"BERN";"Zürich, Berninaplatz"
581;467;"BERO";"Zürich, Bernoulli-Häuser"
233;468;"BERT";"Zürich, Bertastrasse"
595;3587;"BERU";"Zürich, Berufswahlschule"
242;470;"BESE";"Zürich, Besenrainstrasse"
93;471;"BETH";"Zürich, Bethanien"
223;478;"BEZI";"Zürich, Bezirksgebäude"
426;3774;"BWOW";"Zürich, Bhf. Wollishofen/Werft"
250;488;"BILO";"Zürich, Billoweg"
544;493;"BINZ";"Zürich, Binz"
547;3714;"BINC";"Zürich, Binz Center"
41;497;"BIGL";"Zürich, Birch-/Glatttalstrasse"
611;498;"BIRD";"Zürich, Birchdörfli"
572;3445;"BIBE";"Zürich, Bircher-Benner"
128;3449;"BIRC";"Zürich, Birchstrasse"
668;508;"BLEU";"Zürich, Bleulerstrasse"
501;6626;"BLUM";"Zürich, Blumenfeldstrasse"
49;3789;"BOLL";"Zürich, Bollingerweg"
525;3645;"BOGA";"Zürich, Botanischer Garten"
453;530;"BRAN";"Zürich, Brandschenkestrasse"
15;542;"BRIS";"Zürich, Bristenstrasse"
239;546;"BRUM";"Zürich, Brunau/Mutschellenstr."
251;547;"BRUN";"Zürich, Brunaustrasse"
159;564;"BUCH";"Zürich, Bucheggplatz"
659;3787;"BUHO";"Zürich, Buchholz"
46;573;"BUHN";"Zürich, Buhnstrasse"
172;580;"BURG";"Zürich, Burgwies"
167;615;"BURK";"Zürich, Bürkliplatz"
247;586;"BUTZ";"Zürich, Butzenstrasse"
117;617;"CARL";"Zürich, Carl-Spitteler-Strasse"
78;619;"CENT";"Zürich, Central"
129;3450;"CHAL";"Zürich, Chaletweg"
380;3717;"CHIN";"Zürich, Chinagarten"
180;648;"DAMM";"Zürich, Dammweg"
431;649;"DANG";"Zürich, Dangelstrasse"
245;6055;"DEP2";"Zürich, Depot 2 Wollishofen"
182;6030;"DEP4";"Zürich, Depot 4 Elisabethenstr"
181;6031;"DEP5";"Zürich, Depot 5 Hard"
266;6032;"DEP7";"Zürich, Depot 7 Irchel"
148;6033;"DEP8";"Zürich, Depot 8 Oerlikon"
534;6421;"DEPD";"Zürich, Depot Dolderbahn"
53;694;"DORF";"Zürich, Dorflinde"
504;708;"DREI";"Zürich, Dreispitz"
115;713;"DRUS";"Zürich, Drusbergstrasse"
538;716;"DUNK";"Zürich, Dunkelhölzli"
498;767;"EINF";"Zürich, Einfangstrasse"
379;769;"ELWA";"Zürich, Elektrowatt"
605;788;"ENGV";"Zürich, Englischviertelstrasse"
666;3594;"EPIK";"Zürich, EPI-Klinik"
442;800;"EGUT";"Zürich, Eschergutweg"
62;799;"EWYS";"Zürich, Escher-Wyss-Platz"
134;735;"ETHH";"Zürich, ETH Hönggerberg"
192;736;"ETHZ";"Zürich, ETH/Universitätsspital"
332;3446;"ETTE";"Zürich, Ettenfeld"
126;821;"FARB";"Zürich, Farbhof"
218;832;"FELD";"Zürich, Feldeggstrasse"
231;840;"FELL";"Zürich, Fellenbergstrasse"
331;845;"FELS";"Zürich, Felsenrainstrasse"
153;6460;"ZFER";"Zürich, Fernsehstudio"
708;852;"FEUS";"Zürich, Feusisbergli"
580;857;"FWEG";"Zürich, Fischerweg"
705;859;"FLOB";"Zürich, Flobotstrasse"
665;868;"FLUE";"Zürich, Flühgasse"
11;867;"FLUR";"Zürich, Flurstrasse"
579;927;"FOER";"Zürich, Förrlibuckstrasse"
21;872;"FRAN";"Zürich, Frankental"
111;3466;"FRST";"Zürich, Freiestrasse"
306;883;"FREI";"Zürich, Freihofstrasse"
54;888;"FRIA";"Zürich, Friedackerstrasse"
712;893;"FEIC";"Zürich, Friedhof Eichbühl"
174;894;"ENZE";"Zürich, Friedhof Enzenbühl"
758;895;"FHOE";"Zürich, Friedhof Hönggerberg"
593;896;"FSWA";"Zürich, Friedhof Schwandenholz"
232;897;"FSIH";"Zürich, Friedhof Sihlfeld"
631;898;"FUET";"Zürich, Friedhof Uetliberg"
465;899;"FWIT";"Zürich, Friedhof Witikon"
57;901;"FRDR";"Zürich, Friedrichstrasse"
608;902;"FRIB";"Zürich, Friesenberg"
630;903;"FRIH";"Zürich, Friesenberghalde"
29;904;"FRIE";"Zürich, Friesenbergstrasse"
56;908;"FROB";"Zürich, Frohburg"
220;917;"FROE";"Zürich, Fröhlichstrasse"
505;914;"FRON";"Zürich, Fronwald"
598;916;"FRYM";"Zürich, Frymannstrasse"
9;6034;"GAR6";"Zürich, Garage 6 Hardau"
37;6035;"GAR9";"Zürich, Garage 9 Hagenholz"
23;944;"GEER";"Zürich, Geeringstrasse"
4;971;"GERM";"Zürich, Germaniastrasse"
272;972;"GESS";"Zürich, Gessnerallee"
72;979;"GIBL";"Zürich, Giblenstrasse"
262;998;"GLAT";"Zürich, Glattwiesen"
136;1000;"GLAU";"Zürich, Glaubtenstrasse"
131;6975;"GLNO";"Zürich, Glaubtenstrasse Nord"
135;6020;"GLAS";"Zürich, Glaubtenstrasse Süd"
466;3444;"GLOK";"Zürich, Glockenacker"
146;1007;"GOLD";"Zürich, Goldackerweg"
185;1012;"GOLP";"Zürich, Goldbrunnenplatz"
307;1026;"GRIM";"Zürich, Grimselstrasse"
546;489;"GRUB";"Zürich, Grubenstrasse"
584;1041;"GRUN";"Zürich, Grünaustrasse"
260;1061;"GUGG";"Zürich, Guggachstrasse"
98;1076;"GUET";"Zürich, Güterbahnhof"
543;1073;"GUTS";"Zürich, Gutstrasse"
193;1098;"HALB";"Zürich, Haldenbach"
256;1100;"HEGG";"Zürich, Haldenegg"
495;3760;"HALO";"Zürich, Hallenbad Oerlikon"
583;1120;"HARH";"Zürich, Hardhof"
59;1122;"HARP";"Zürich, Hardplatz"
582;2447;"HARD";"Zürich, Hardturm"
170;1138;"HEDW";"Zürich, Hedwigsteig"
202;1139;"HEER";"Zürich, Heerenwiesen"
31;1143;"HEGA";"Zürich, Hegianwandweg"
110;1144;"HEGI";"Zürich, Hegibachplatz"
24;1156;"HEIZ";"Zürich, Heizenholz"
215;1157;"HELM";"Zürich, Helmhaus"
604;1158;"HELV";"Zürich, Helvetiaplatz"
492;1160;"HERB";"Zürich, Herbstweg"
97;1162;"HERD";"Zürich, Herdernstrasse"
594;1175;"HERT";"Zürich, Hertensteinstrasse"
490;1179;"HERZ";"Zürich, Herzogenmühlestrasse"
704;1186;"HEUB";"Zürich, Heubeeriweg"
187;1187;"HEUR";"Zürich, Heuried"
47;6250;"HIMM";"Zürich, Himmeri"
96;1194;"HINT";"Zürich, Hinterbergstrasse"
342;1215;"HIRS";"Zürich, Hirschwiesenstrasse"
206;1220;"HIRZ";"Zürich, Hirzenbach"
607;1272;"HOEF";"Zürich, Höfliweg"
522;3469;"HOFS";"Zürich, Hofstrasse"
19;1231;"HOHE";"Zürich, Hohenklingensteig"
524;3470;"HSTG";"Zürich, Hölderlinsteig"
226;1278;"HOEL";"Zürich, Hölderlinstrasse"
613;1239;"HOLZ";"Zürich, Holzerhurd"
137;1280;"HOEB";"Zürich, Hönggerberg"
219;1286;"HOES";"Zürich, Höschgasse"
224;1251;"HOTT";"Zürich, Hottingerplatz"
25;1252;"HUBE";"Zürich, Hubertus"
238;1288;"HUEG";"Zürich, Hügelstrasse"
612;1259;"HUNG";"Zürich, Hungerbergstrasse"
452;1865;"HURL";"Zürich, Hürlimannplatz"
591;1292;"HUER";"Zürich, Hürstholz"
742;1303;"IEBN";"Zürich, Im Ebnet"
26;3123;"IMGU";"Zürich, Im Gut"
30;1307;"IHAG";"Zürich, Im Hagacker"
601;1310;"IHUS";"Zürich, Im Hüsli"
628;1311;"IKLO";"Zürich, Im Klösterli"
667;1315;"IWAL";"Zürich, Im Walder"
484;1316;"IWIN";"Zürich, Im Wingert"
85;1320;"IDEY";"Zürich, In der Ey"
643;3153;"JUCH";"Zürich, Juchhof"
241;1354;"JUGI";"Zürich, Jugendherberge"
449;1356;"KALB";"Zürich, Kalchbühlweg"
101;1358;"KANO";"Zürich, Kanonengasse"
166;601;"KANB";"Zürich, Kantonalbank"
191;1359;"KANT";"Zürich, Kantonsschule"
113;1362;"KAPF";"Zürich, Kapfstrasse"
12;1364;"KAPP";"Zürich, Kappeli"
756;3138;"KABU";"Zürich, Kappenbühlweg"
43;1483;"KAES";"Zürich, Käshaldenstrasse"
66;1379;"KEMP";"Zürich, Kempfhofsteig"
606;1386;"KERN";"Zürich, Kernstrasse"
121;1389;"KIEN";"Zürich, Kienastenwies"
195;1399;"KINK";"Zürich, Kinkelstrasse"
95;1407;"KFLU";"Zürich, Kirche Fluntern"
523;3648;"KLOB";"Zürich, Klosbach"
112;1430;"KLUS";"Zürich, Klusplatz"
44;6304;"KOES";"Zürich, Köschenrüti"
588;1445;"KNOR";"Zürich, Krematorium Nordheim"
108;1453;"KREU";"Zürich, Kreuzplatz"
217;1456;"KRES";"Zürich, Kreuzstrasse"
161;1468;"KRON";"Zürich, Kronenstrasse"
703;1471;"KROE";"Zürich, Krönleinstrasse"
106;1472;"KUNS";"Zürich, Kunsthaus"
610;1595;"LAEG";"Zürich, Lägernstrasse"
438;6594;"AHOR";"Adliswil, Ahornweg"
436;148;"ABAD01";"Adliswil, Badstrasse"
483;28;"BADL01";"Adliswil, Bahnhof"
439;6593;"EWEG";"Adliswil, Eichenweg"
482;6961;"AGRU";"Adliswil, Grundstrasse"
433;6437;"GRUT";"Adliswil, Grüt"
437;1227;"HOFA01";"Adliswil, Hofackerstrasse"
435;1462;"KROA01";"Adliswil, Krone"
480;6592;"ADMO";"Adliswil, Moos"
434;2660;"TIAK01";"Adliswil, Tiefacker"
564;6600;"IMBR";"Aesch bei Maur, Im Brünneli"
565;6599;"ZOLL";"Aesch bei Maur, Zollingerheim"
469;445;"BEBO";"Benglen, Bodenacher"
468;446;"BGER";"Benglen, Gerlisbrunnen"
562;6778;"BLAN";"Benglen, Langwis"
761;425;"DBAL";"Bergdietikon, Baltenschwil"
763;457;"BERL";"Bergdietikon, Bergli"
764;466;"BOLD";"Bergdietikon, Bernold"
768;729;"DUEN";"Bergdietikon, Dünni"
355;6855;"GAL2";"Bergdietikon, Garage 2 LIBU"
762;2085;"RIEW";"Bergdietikon, Rietwies"
765;2789;"VORB";"Bergdietikon, Vorbühl"
563;6779;"BBAU";"Binz bei Maur, Bautacher"
470;3467;"FMAT";"Binz bei Maur, Fridlimatt"
471;490;"MPOS";"Binz bei Maur, Post"
467;6999;"TWÄR";"Binz bei Maur, Twäracher"
548;501;"BIRMBHF";"Birmensdorf ZH, Bahnhof"
549;6744;"RIST";"Birmensdorf ZH, Ristet"
398;2570;"BIRMSTE";"Birmensdorf ZH, Sternen/WSL"
399;2748;"BIRMURI";"Birmensdorf ZH, Untere Risi"
325;3560;"SPHE";"D'dorf, Sportanl Heerenschürli"
274;657;"BDIE";"Dietikon, Bahnhof"
676;414;"BSTD";"Dietikon, Bahnhofstrasse"
362;502;"BIRM";"Dietikon, Birmensdorferstrasse"
360;725;"DOER";"Dietikon, Dörfli"
273;6038;"GALI";"Dietikon, Garage Limmatbus AG"
356;990;"GJUC";"Dietikon, Gjuchstrasse"
680;6693;"DGYR";"Dietikon, Gyrhalden"
512;1091;"HAGA";"Dietikon, Hagackerstrasse"
679;1265;"HATS";"Dietikon, Hätschen"
275;6894;"DHEI";"Dietikon, Heimstrasse"
361;1226;"HACK";"Dietikon, Hofacker"
684;1417;"KIPL";"Dietikon, Kirchplatz"
682;6695;"DLAE";"Dietikon, Lätten"
511;1540;"LERZ";"Dietikon, Lerzen"
760;1616;"MARW";"Dietikon, Marmori-Weiher"
513;2399;"DMOO";"Dietikon, Moosmatt"
678;1758;"ODIE";"Dietikon, Oberdorf"
357;1843;"OETW";"Dietikon, Oetwilerstrasse"
510;1868;"PEST";"Dietikon, Pestalozzi"
509;1039;"DRAP";"Dietikon, Rapidplatz"
551;2313;"SBAC";"Dietikon, Schäflibach"
675;3472;"SWER";"Dietikon, Schönenwerd"
514;6262;"DSIL";"Dietikon, Silbern"
359;2406;"SOME";"Dietikon, Sommerau"
736;6261;"STHA";"Dietikon, Stadthalle Ost"
677;3344;"DSTA";"Dietikon, Stadthaus"
738;2471;"STAF";"Dietikon, Staffelackerstrasse"
737;2569;"STEA";"Dietikon, Stelzenacker"
358;3798;"VORS";"Dietikon, Vorstadt"
681;6694;"WEST";"Dietikon, Weidstrasse"
683;6698;"DWEI";"Dietikon, Weinberg"
561;81;"ALTZ07";"Dübendorf, Alterszentrum"
716;3146;"BDUN";"Dübendorf, Bahnhof Nord"
558;2422;"DBRE";"Dübendorf, Breitibach"
714;3478;"CITC";"Dübendorf, City Center"
717;863;"FLUP";"Dübendorf, Flugplatz"
353;6660;"DGIE07";"Dübendorf, Giessen"
740;1054;"GRUZ";"Dübendorf, Grüzenstrasse"
629;6986;"DHOS07";"Dübendorf, Hochbord Süd"
560;1228;"HOFF";"Dübendorf, Hoffnung"
556;1273;"DHOG";"Dübendorf, Högler"
718;753;"DINN07";"Dübendorf, Innovationspark"
567;1478;"KAMM";"Dübendorf, Kämmaten"
555;1414;"KWIL";"Dübendorf, Kirche Wil"
741;1451;"DKRE";"Dübendorf, Kreuzbühl"
715;1572;"DLIN";"Dübendorf, Lindenplatz"
713;1627;"MEHO";"Dübendorf, Meiershofstrasse"
326;3296;"NEUS";"Dübendorf, Neugut Süd"
354;3785;"RINW";"Dübendorf, Ringwiesen"
559;6346;"DSON";"Dübendorf, Sonnental"
557;2838;"DWAS";"Dübendorf, Wasserfurren"
739;2975;"ZELG";"Dübendorf, Zelglistrasse"
473;738;"EBDO";"Ebmatingen, Dorf"
472;1527;"LEEA";"Ebmatingen, Leeacherstrasse"
474;1583;"MLOR";"Ebmatingen, Looren"
454;6591;"GAAN";"Effretikon, Garage Andres"
321;12487;"EGG99";"Egg"
323;12488;"EMMA99";"Emmat"
324;10804;"ESSL99";"Esslingen"
277;815;"FAAU";"Fahrweid, Au"
278;548;"BRUS";"Fahrweid, Brunaustrasse"
276;1556;"LIMB";"Fahrweid, Limmatbrücke"
554;544;"FBRU";"Fällanden, Bruggacher"
459;750;"EGGL";"Fällanden, Eggler"
455;947;"FAEL";"Fällanden, Gemeindehaus"
456;1324;"FAEI";"Fällanden, Industrie"
574;3133;"FJUG";"Fällanden, Jugendherberge"
573;1723;"FNEU";"Fällanden, Neuhus"
460;2335;"SHUA";"Fällanden, Schützenhaus"
552;3368;"FWIG";"Fällanden, Wigarten"
553;2999;"FZIL";"Fällanden, Zil"
310;12492;"FOR99";"Forch"
309;6046;"DEPF";"Forch, Depot Forchbahn"
722;6485;"GARG01";"Garage Adliswil"
280;701;"DOGE";"Geroldswil, Dorfstrasse"
279;1028;"GRIN";"Geroldswil, Grindlen"
618;2303;"SWAK";"Geroldswil, Schweizäcker"
282;2869;"WELB";"Geroldswil, Welbrig"
281;2982;"ZENT";"Geroldswil, Zentrum"
674;3727;"GLAN";"Glanzenberg, Bahnhof"
344;994;"BGLA07";"Glattbrugg, Bahnhof"
333;909;"FROH07";"Glattbrugg, Frohbühlstrasse"
336;3247;"GHOF07";"Glattbrugg, Glatthof"
343;6508;"GLIN07";"Glattbrugg, Lindberghplatz"
339;1651;"MODE07";"Glattbrugg, Mode Center TMC"
334;1925;"PGLA07";"Glattbrugg, Post"
346;2758;"UNTR07";"Glattbrugg, Unterriet"
335;992;"GLAG07";"Glattbrugg, Zentrum"
152;6461;"GGLA07";"Glattpark"
569;1006;"GDOR";"Gockhausen, Dorf"
568;6214;"URSP";"Gockhausen, Ursprungstrasse"
320;12500;"HIE99";"Hinteregg"
394;1341;"ITDO";"Itschnach, Dorf"
395;1342;"ITFA";"Itschnach, Fallacher"
393;2038;"REBW";"Itschnach, Rebweg"
392;2695;"TAEG";"Itschnach, Tägermoos"
726;75;"ALHK";"Kilchberg ZH, Altersheim"
672;118;"AUFB";"Kilchberg ZH, Auf Brunnen"
731;589;"BAEC";"Kilchberg ZH, Bächlerstrasse"
723;1391;"BKIL";"Kilchberg ZH, Bahnhof"
636;3775;"BEND";"Kilchberg ZH, Bendlikon"
734;6782;"KBRE";"Kilchberg ZH, Breitloo"
733;6781;"KEMI";"Kilchberg ZH, Emilienheim"
725;1018;"GOBI";"Kilchberg ZH, Gottlieb-Binder"
406;1249;"HORN";"Kilchberg ZH, Hornhaldenstr."
673;1401;"KILB";"Kilchberg ZH, Kirche"
671;1457;"KREK";"Kilchberg ZH, Kreuzstrasse"
727;1577;"LISP";"Kilchberg ZH, Lindt & Sprüngli"
730;3796;"MYTH";"Kilchberg ZH, Mythenstrasse"
732;6780;"KOBE";"Kilchberg ZH, Obere Hornhalde"
670;1863;"PAKI";"Kilchberg ZH, Paradiessteig"
635;1864;"PARU";"Kilchberg ZH, Paradiesstrasse"
407;2154;"SANK";"Kilchberg ZH, Sanatorium"
735;2239;"SLIM";"Kilchberg ZH, Schlimbergstr."
637;2262;"SORU";"Kilchberg ZH, Schooren"
728;2264;"SOKI";"Kilchberg ZH, Schoorenstrasse"
408;2304;"KSCH";"Kilchberg ZH, Schwelle"
481;1440;"KSPI";"Kilchberg ZH, Spital"
729;2580;"STOG";"Kilchberg ZH, Stockengut"
669;2859;"WEIK";"Kilchberg ZH, Weinbergstrasse"
427;3141;"LAND";"Zürich, Landiwiese"
700;1502;"LAST";"Zürich, Langensteinenstrasse"
542;1503;"LANG";"Zürich, Langgrütstrasse"
197;1507;"LANM";"Zürich, Langmauerstrasse"
34;1519;"LAUB";"Zürich, Laubegg"
160;1522;"LAUI";"Zürich, Laubiweg"
64;1528;"LEHE";"Zürich, Lehenstrasse"
42;1532;"LEIM";"Zürich, Leimgrübelstrasse"
133;1539;"LERC";"Zürich, Lerchenhalde"
641;3457;"LERA";"Zürich, Lerchenrain"
75;1547;"LETT";"Zürich, Lettenstrasse"
124;1592;"LETB";"Zürich, Letzibach"
305;1548;"LETG";"Zürich, Letzigrund"
123;3148;"LETP";"Zürich, Letzipark"
13;1549;"LPAW";"Zürich, Letzipark West"
196;1550;"LETZ";"Zürich, Letzistrasse"
150;1552;"LEUT";"Zürich, Leutschenbach"
178;1557;"LIMM";"Zürich, Limmatplatz"
141;1570;"LIND";"Zürich, Lindenplatz"
228;1579;"LOCH";"Zürich, Lochergut"
710;1581;"LOOG";"Zürich, Loogarten"
119;1584;"LOOR";"Zürich, Loorenstrasse"
103;1608;"LOEW";"Zürich, Löwenplatz"
204;1587;"LUCH";"Zürich, Luchswiesen"
203;1590;"LUEG";"Zürich, Luegisland"
589;1611;"MAIE";"Zürich, Maienweg"
619;3788;"MAIL";"Zürich, Maillartstrasse"
597;1612;"MANG";"Zürich, Manegg"
235;1614;"MANS";"Zürich, Manesseplatz"
600;1615;"MARB";"Zürich, Marbachweg"
264;1620;"MATT";"Zürich, Mattenhof"
50;3764;"MAXB";"Zürich, Max-Bill-Platz"
68;1626;"MEIE";"Zürich, Meierhofplatz"
149;3154;"MEHA";"Zürich, Messe/Hallenstadion"
694;1640;"MICA";"Zürich, Micafil"
757;1641;"MICH";"Zürich, Michelstrasse"
199;1643;"MIBU";"Zürich, Milchbuck"
100;1644;"MILA";"Zürich, Militär-/Langstrasse"
603;1648;"MITL";"Zürich, Mittelleimbach"
243;1660;"MORG";"Zürich, Morgental"
130;3451;"MOTT";"Zürich, Mötteliweg"
503;6628;"MUEH";"Zürich, Mühlacker"
177;1667;"MUFG";"Zürich, Museum für Gestaltung"
252;1666;"MUSR";"Zürich, Museum Rietberg"
707;1698;"NEES";"Zürich, Neeserweg"
497;1705;"NEUA";"Zürich, Neuaffoltern"
451;1710;"NEUB";"Zürich, Neubühl"
105;1724;"NEUM";"Zürich, Neumarkt"
48;3804;"NBRU";"Zürich, Neunbrunnen"
587;1744;"NORH";"Zürich, Nordheimstrasse"
80;1745;"NORS";"Zürich, Nordstrasse"
87;1753;"NUER";"Zürich, Nürenbergstrasse"
496;1821;"OBEW";"Zürich, Oberwiesenstrasse"
151;6459;"ZOER";"Zürich, Oerlikerhus"
76;3786;"OKEN";"Zürich, Okenstrasse"
216;1845;"OPER";"Zürich, Opernhaus"
634;3001;"ORIO";"Zürich, Orionstrasse"
258;1856;"OTTI";"Zürich, Ottikerstrasse"
165;1861;"PARA";"Zürich, Paradeplatz"
486;1441;"PKAE";"Zürich, Pflegezentr. Käferberg"
267;1889;"PLAT";"Zürich, Platte"
248;2005;"PWOL";"Zürich, Post Wollishofen"
263;2008;"PROB";"Zürich, Probstei"
179;2014;"QUEL";"Zürich, Quellenstrasse"
158;2017;"RADI";"Zürich, Radiostudio"
545;2120;"RAEF";"Zürich, Räffelstrasse"
214;2030;"RATH";"Zürich, Rathaus"
540;2033;"RAUH";"Zürich, Rautihalde"
142;2034;"RAUT";"Zürich, Rautistrasse"
65;2035;"REBE";"Zürich, Rebbergsteig"
156;2045;"REGB";"Zürich, Regensbergbrücke"
175;2549;"REHA";"Zürich, Rehalp"
164;2054;"RENN";"Zürich, Rennweg"
402;2055;"RENT";"Zürich, Rentenanstalt"
494;2069;"RIEG";"Zürich, Riedgraben"
22;3122;"RIEH";"Zürich, Riedhofstrasse"
8;2090;"BERG";"Zürich, Rigiblick"
225;2124;"ROEM";"Zürich, Römerhof"
609;2127;"ROEN";"Zürich, Röntgenstrasse"
63;2104;"ROSE";"Zürich, Rosengartenstrasse"
259;2128;"ROES";"Zürich, Röslistrasse"
261;2107;"ROSW";"Zürich, Roswiesen"
88;2108;"ROTB";"Zürich, Rotbuchstrasse"
403;2109;"ROTE";"Zürich, Rote Fabrik"
213;2113;"RBRU";"Zürich, Rudolf-Brun-Brücke"
73;2140;"RUET";"Zürich, Rütihof"
35;2550;"SAAL";"Zürich, Saalsporthalle"
493;2145;"SAAT";"Zürich, Saatlenstrasse"
83;2147;"SACK";"Zürich, Sackzelg"
340;2151;"SALE";"Zürich, Salersteig"
539;2152;"SALZ";"Zürich, Salzweg"
122;2142;"SBBW";"Zürich, SBB-Werkstätte"
89;2158;"SPLA";"Zürich, Schaffhauserplatz"
706;6776;"SANZ";"Zürich, Schanzackerstrasse"
701;2314;"SAPI";"Zürich, Schäppiweg"
640;3458;"PSCH";"Zürich, Schauenberg"
27;2160;"SCHA";"Zürich, Schaufelbergerstrasse"
90;2164;"SCHZ";"Zürich, Scheuchzerstrasse"
61;6759;"SBAU";"Zürich, Schiffbau"
114;2251;"SYFI";"Zürich, Schlyfi"
184;2256;"SWIE";"Zürich, Schmiede Wiedikon"
45;2320;"SCHG";"Zürich, Schönauring"
201;2326;"SCHO";"Zürich, Schörlistrasse"
84;3155;"ALTW";"Zürich, Schulhaus Altweg"
541;2276;"BUCL";"Zürich, Schulhaus Buchlern"
132;2289;"SWEG";"Zürich, Schumacherweg"
576;2329;"SURG";"Zürich, Schürgistrasse"
759;3566;"SHOE";"Zürich, Schützenhaus Höngg"
58;2294;"SCHW";"Zürich, Schwamendingerplatz"
507;2298;"SHOL";"Zürich, Schwandenholz"
28;2302;"SHOF";"Zürich, Schweighof"
429;3477;"SRUC";"Zürich, Schweizer Rück"
67;2306;"SCHT";"Zürich, Schwert"
39;2346;"SEEB";"Zürich, Seebach"
38;1275;"SEPL";"Zürich, Seebacherplatz"
404;2834;"SEER";"Zürich, Seerose"
71;2364;"SEGA";"Zürich, Segantinistrasse"
656;3767;"SEGE";"Zürich, Segeten"
125;2366;"SEID";"Zürich, Seidelhof"
7;2367;"RIGI";"Zürich, Seilbahn Rigiblick"
230;2385;"SIEM";"Zürich, Siemens"
109;2388;"SIGN";"Zürich, Signaustrasse"
36;6463;"SIHC";"Zürich, Sihlcity"
236;2771;"SIHN";"Zürich, Sihlcity Nord"
102;1366;"SIHP";"Zürich, Sihlpost / HB"
176;2395;"SIHL";"Zürich, Sihlquai/HB"
190;2396;"SIHS";"Zürich, Sihlstrasse"
602;2398;"SIHW";"Zürich, Sihlweidstrasse"
70;2402;"SING";"Zürich, Singlistrasse"
711;6003;"SOLP";"Zürich, Solidapark"
257;2411;"SONN";"Zürich, Sonneggstrasse"
209;2449;"SPOW";"Zürich, Sportweg"
107;2450;"SPRE";"Zürich, Sprecherstrasse"
92;2451;"SPYR";"Zürich, Spyriplatz"
702;2452;"SPYS";"Zürich, Spyristeig"
405;2461;"STAD";"Zürich, Stadtgrenze"
77;2474;"STAM";"Zürich, Stampfenbachplatz"
592;3768;"STBU";"Zürich, Staudenbühl"
189;2556;"STAU";"Zürich, Stauffacher"
52;2572;"SOER";"Zürich, Sternen Oerlikon"
620;6117;"SRIE";"Zürich, Stierenried"
255;2582;"STOC";"Zürich, Stockerstrasse"
657;3765;"STOD";"Zürich, Stodolastrasse"
32;2596;"STRV";"Zürich, Strassenverkehrsamt"
699;2598;"STRI";"Zürich, Strickhof"
428;3522;"SUKK";"Zürich, Sukkulentensammlung"
432;2612;"SUNN";"Zürich, Sunnau"
270;2618;"SUSE";"Zürich, Susenbergstrasse"
186;2638;"TALW";"Zürich, Talwiesenstrasse"
207;3453;"TECH";"Zürich, Technopark"
240;2659;"THUJ";"Zürich, Thujastrasse"
200;2666;"TIER";"Zürich, Tierspital"
535;2667;"TITL";"Zürich, Titlisstrasse"
570;2671;"TOBE";"Zürich, Tobelhof"
94;2673;"TOBL";"Zürich, Toblerplatz"
208;718;"TONA";"Zürich, Toni-Areal"
654;3769;"TFUS";"Zürich, Trichtenhausenfussweg"
653;6416;"TRSA";"Zürich, Trichtisal"
86;2680;"TRIE";"Zürich, Triemli"
147;2682;"TRIS";"Zürich, Triemlispital"
17;2707;"TUEF";"Zürich, Tüffenwies"
491;2688;"TULP";"Zürich, Tulpenstrasse"
254;2689;"TUNN";"Zürich, Tunnelstrasse"
33;2722;"UETL";"Zürich, Uetlihof"
198;1334;"IRCH";"Zürich, Universität Irchel"
506;2737;"UAFF";"Zürich, Unteraffoltern"
143;2754;"UNTM";"Zürich, Untermoosstrasse"
596;2776;"VERE";"Zürich, Verenastrasse"
91;2779;"VOGE";"Zürich, Vogelsangstrasse"
268;2788;"VOLT";"Zürich, Voltastrasse"
642;3588;"VULK";"Zürich, Vulkanstrasse"
244;6019;"WAFB";"Zürich, Waffenplatz-/Bederstr."
237;2795;"WAFF";"Zürich, Waffenplatzstrasse"
485;2799;"WAIB";"Zürich, Waidbadstrasse"
441;2800;"WAIF";"Zürich, Waidfussweg"
508;2801;"WAIH";"Zürich, Waidhof"
487;2803;"WAIS";"Zürich, Waidspital"
55;2814;"WALD";"Zürich, Waldgarten"
536;2815;"WDOL";"Zürich, Waldhaus Dolder"
139;2831;"WART";"Zürich, Wartau"
116;2836;"WASE";"Zürich, Waserstrasse"
488;2858;"WEIH";"Zürich, Weihersteig"
188;6238;"WERE";"Zürich, Werd"
586;2872;"WERD";"Zürich, Werdhölzli"
171;2879;"WETL";"Zürich, Wetlistrasse"
450;2889;"WIDM";"Zürich, Widmerstrasse"
69;2899;"WIES";"Zürich, Wieslergasse"
655;3772;"WACH";"Zürich, Wiesliacher"
221;2907;"WILD";"Zürich, Wildbachstrasse"
194;2924;"WINK";"Zürich, Winkelriedstrasse"
18;2934;"WINH";"Zürich, Winzerhalde"
140;2935;"WINZ";"Zürich, Winzerstrasse"
20;6015;"WINS";"Zürich, Winzerstrasse Süd"
440;2937;"WIPK";"Zürich, Wipkingerplatz"
658;3773;"WITZ";"Zürich, Witikon Zentrum"
246;2950;"WOLL";"Zürich, Wollishofen"
664;2956;"WONE";"Zürich, Wonnebergstrasse"
211;6648;"WURZ";"Zürich, Würzgraben"
499;2968;"ZEHN";"Zürich, Zehntenhausplatz"
632;2998;"ZIEL";"Zürich, Zielweg"
271;3005;"ZOO";"Zürich, Zoo"
571;4;"ZOOF";"Zürich, Zoo/Forrenweid"
269;3045;"ZUER";"Zürich, Zürichbergstrasse"
120;3011;"ZWEI";"Zürich, Zweiackerstrasse"
138;3015;"ZWIE";"Zürich, Zwielplatz"
234;3018;"ZWIN";"Zürich, Zwinglihaus"
229;3019;"ZYPR";"Zürich, Zypressenstrasse"
227;1357;"KALK";"Zürich,Kalkbreite/Bhf.Wiedikon"
